{
	"id": "10k subs coming soon",
	"name": "10k subs coming soon", 
	"mobile": true, 
	"notes": "version 1.004", 
	"syntax": 4, 
	"version": 1.004,
	"style": {
		"html": "",
		"replacements": [

        {
              "type": "color",
              "name": "Body Bg Color",
              "find": "#50CF71"
          },
          {
              "type": "color",
              "name": "form bg color",
              "find": "#fffffe"
          },
            {
              "type": "color",
              "name": "subhead bg color",
              "find": "#EDFBEC"
          },
          {
              "type": "color",
              "name": "button color",
              "find": "#FF1E00"
          },
          {
              "type": "color",
              "name": "button border color",
              "find": "#FF5039"
          },
            {
              "type": "color",
              "name": "button hover color",
              "find": "#FF5038"
          },
           {
              "type": "color",
              "name": "Countdown Numbers color",
              "find": "#5B665E"
          }

		                ]
	},

	"form": {
        "title": {
            "css": {
                "font-family": "Helvetica, Arial, sans-serif",
                "font-size": "18pt;",
                "letter-spacing": "0em;"
            },
            "html": "<strong>Enter your email address below to reserve _______... it's 100% FREE!</strong>"
        },
        "submit": {
            "css": {
                "background-color": "#ffcb01;",
                "border-color": "#ffb403;",
                "border-width": "0pt;",
                "border-style": "solid;",
                "font-family": "Helvetica, Arial, sans-serif",
                "font-size": "14pt;",
                "letter-spacing": "-0.1em;"
            },
            "html": "Free Instant Access &raquo;"
        },
        "privacy": {
            "css": {
                "font-family": "Helvetica, Arial, sans-serif",
                "font-size": "12pt;",
                "letter-spacing": "-0.1em;"
            },
            "html": "<div><i class=\"icon-lock\"></i>We hate SPAM and promise to keep your email address safe. </div>"
        }
    },
	"elements": [
		
        {
      "id": "heroInner",
      "name": "Form container",
      "type": "container"
        },
         {
      "id": "heroSection2",
      "name": "section2 container",
      "type": "container"
        },
         {
      "id": "section3",
      "name": "section3 container",
      "type": "container"
        },





        {
      "id": "heroH1",
      "name": "Logo Text",
      "type": "text"
        },
         {
      "id": "heroSubhead1",
      "name": "Headline Text",
      "type": "text"
        },
          {
      "id": "heroSubhead2",
      "name": "Subhead Text",
      "type": "text"
        },
         {
      "id": "section2Text",
      "name": "Above timer Text",
      "type": "text"
        },

        {
      "id": "days-text",
      "name": "Days Text",
      "type": "text"
        },
        {
      "id": "minutes-text",
      "name": "Minutes Text",
      "type": "text"
        },
        {
      "id": "seconds-text",
      "name": "Seconds Text",
      "type": "text"
        },

         {
      "id": "button1",
      "name": "Button Link",
      "type": "link"
        },



         {
      "id": "countdown",
      "name": "Countdown Timer",
      "type": "countdown"
        }


	]
}


